<?xml version = "1.0" encoding = "utf-8" ?>

<component name="customItem" extends = "Group">

<interface>
    <field id = "itemContent" type = "node" onChange = "showcontent" />
    <field id = "focusPercent" type = "float" onChange = "showfocus" />
</interface>

<script type="text/brightscript" uri="customItem.brs" >
</script>

<children>

    <poster
        id = "posterIcon"
        translation = "[0,115]"
        width = "40"
        height = "32" />
    
    <label
        id = "labelName"
        color = "0x3C3C3C"
        translation = "[50,120]" />

    <rectangle
        id = "rectangleCursor"
        translation = "[0,155]"
        width = "600"
        height = "5"
        color = "0x3C3C3C" 
        opacity = "0.0" />
    
    <poster
        id = "posterImage"
        translation = "[400,0]"
        width = "200"
        height = "150"
        opacity = "0.0" />

</children>

</component>